,0
0,6.9760337370898835
1,5.647137649738753
2,6.356063804617222
3,5.604328804773986
4,5.7263321940511265
5,5.533869428164567
6,6.553879214342523
7,5.99770533244105
8,5.956401050781743
9,5.885267937043798
10,5.764080668339246
11,6.910977011978783
12,5.876509446078696
13,6.707043164053265
14,6.620287037156735
15,5.645346410788287
16,5.873374128857099
17,5.795113500679314
18,5.6169198245835705
19,6.349439654758033
20,6.430936553205305
21,5.649171349367507
22,5.55906192425019
23,6.58356268967707
24,5.988197825277367
25,5.647183666191364
26,5.807211176321353
27,6.531025271860525
28,6.912685402150397
29,6.25416937326087
30,5.718132958982422
31,6.544449680764824
32,6.051010099454728
33,6.819163789132076
34,6.492041763244654
35,5.679624296662073
36,5.735654186034999
37,6.341415994443676
38,5.875246994125814
39,5.7716523064669545
40,5.723556973682744
41,5.746955229327304
42,5.887885023902997
43,6.410544032133605
44,5.644431475627073
45,5.605263750598085
46,6.069360696310232
47,5.7572137950282105
48,6.80933218713619
49,5.787572521642544
50,5.768044461746266
51,5.880930645687701
52,5.689359838157228
53,5.735353680948667
54,5.883658228445586
55,6.361958188060904
56,6.69745661055988
57,5.632800576387979
58,6.439798173933414
59,5.726274220254996
60,6.293059075412285
61,5.821208818953875
62,5.842251242193694
63,5.879311806056313
64,5.897017879374841
65,5.639780388091149
66,6.562049551592094
67,6.032217889906974
68,5.871453271984244
69,6.707963660498386
70,6.479644415088208
71,6.410059984166687
72,6.347089046219363
73,6.869083990125784
74,5.5919374858792175
75,5.792064448463485
76,6.416783991717802
77,6.541718501066118
78,5.480582336402433
79,5.839418397478351
80,5.990002870447437
81,6.891743258245552
82,5.689423600467934
83,5.838621804965223
84,5.743292708365365
85,5.70895446716457
86,6.3732954096853645
87,6.457372642767754
88,5.751734478132934
89,6.387463311937431
90,5.7127381540698865
91,6.576560276578002
92,5.6661632651350535
93,5.990771866078877
94,7.168835584146275
95,5.765341764358364
96,6.4442885027371855
97,5.74560469547812
98,5.574541984207709
99,5.765796520601294
100,6.410991981696036
101,5.766655690137981
102,6.5263734931038675
103,5.885697281462155
104,5.868686629896269
105,6.1540317272413665
106,6.3534592694015535
107,6.243692574339082
108,6.8868803155896705
109,5.580591922016371
110,6.024276625086054
111,5.894403426520554
112,6.087155273996285
113,5.745331736227947
114,5.921797026781916
115,5.727332060850423
116,6.068275292078988
117,5.905457647964144
118,5.956281862558318
119,5.962508786454733
120,6.440554772366002
121,6.598737993907181
122,6.075511936702565
123,6.404693982955983
124,5.690095995328639
125,5.849319223987977
126,5.703725264454733
127,6.360979784409597
128,5.799944218072768
129,5.7782009375678856
130,5.727494502554412
131,5.521107318057022
132,6.406934172610736
133,5.838191199051022
134,6.553645857781894
135,5.977201699464447
136,5.7865119694159475
137,6.610935555923809
138,5.708016407368181
139,5.742468700313643
140,6.11525289795354
141,5.8448717114557835
142,6.486695736254781
143,5.620770434462414
144,5.9651636057667154
145,5.953193693607101
146,5.877012600780701
147,6.227323387748794
148,6.47705641345642
149,6.2957862118933905
150,5.885320317554072
151,5.801814971011026
152,5.7004993968567454
153,6.373314509188162
154,6.733232045898254
155,5.692792606191758
156,5.491810723798771
157,5.708208901864947
158,5.775372494663926
159,6.379157077629629
160,5.636817035438801
161,6.010076807973643
162,5.9727860380114155
163,5.743254241088673
164,6.062272909567435
165,6.744217309661021
166,5.5041588688501895
167,5.648796079798776
168,6.426102917425665
169,6.045478531579398
170,5.870205659105994
171,5.797752046177949
172,6.481369549847815
173,6.732037678174163
174,5.739340416366426
175,6.451284171032362
176,6.719199104931104
177,6.792062054043546
178,6.333127341759317
179,5.7038403056984235
180,5.5827252108805485
181,5.7650288730073225
182,5.861250633173011
183,5.96349790860165
184,6.736102351761871
185,6.394909151297513
186,5.602088612099249
187,5.8215637024715114
188,5.836209971362449
189,5.799094782088396
190,5.714746264137499
191,5.8366759005562265
192,5.532996714046992
193,5.821436367098795
194,5.8663748238450975
195,6.009376233618455
196,5.946055963889104
197,5.752751541111536
198,5.663448795587173
199,6.525035940709391
200,6.6139617734994
201,5.619334815928735
202,6.504764140221443
203,5.75289799151854
204,6.353629607701049
205,6.251954357565052
206,6.204791348442564
207,6.052667193834237
208,6.609694255376439
209,5.663596548771839
210,5.798349819276397
211,5.784159421303887
212,6.01648728958275
213,5.645904126823523
214,5.6874851394187
215,5.8937641151379205
216,6.8849076752077645
217,5.6265777940334
218,5.825292650915069
219,6.47553513031982
220,5.928004352024684
221,6.61902754675111
222,5.776276111368616
223,5.730460383503775
224,5.895708132915797
225,5.864395992179864
226,5.812704237412426
227,5.686590334971348
228,6.620100985415707
229,5.827918609817257
230,5.857303349526323
231,6.15240940420617
232,6.3711269505754125
233,5.691028804626009
234,5.807243757143637
235,5.974963056041129
236,5.756794287821639
237,5.998554998714365
238,5.942105578562434
239,5.708023783025522
240,6.463326635495419
241,7.0180993542486565
242,5.65230017586676
243,6.384997512166125
244,5.790882651481607
245,5.628013547444986
246,6.287481481078017
247,5.722634244454038
248,6.2961916439683625
249,5.747145262068549
250,5.675327179106234
251,6.857704138814983
252,5.897753176071671
253,5.667597885227297
254,6.21406033813724
255,5.743769655399027
256,5.812921281464663
257,6.64058840588705
258,5.768153322609596
259,6.794550921384215
260,7.0221815799868486
261,5.785651123082139
262,6.3294910633677315
263,6.240184887993529
264,5.814762464999653
265,5.9686987771761855
266,6.427627690095746
267,5.790648394364946
268,6.762574097510278
269,5.600562989353316
270,6.586234883966072
271,6.731323984431527
272,6.373218172958035
273,6.571600830989507
274,5.688951602660413
275,6.403261236507961
276,5.835141384456738
277,5.879116490622597
278,5.7753945896131675
279,6.574665412072793
280,5.557987759955791
281,5.774526792939208
282,6.333273231112387
283,5.88195443171856
284,6.367234980418379
285,5.6733094270777435
286,6.566813373900464
287,6.537690886080484
288,5.8075657155491855
289,6.660845533467383
290,5.700365159111811
291,6.856672512247511
292,6.182786532404508
293,5.7771196062691
294,6.501667128260931
295,6.340522191212463
296,5.896682609063923
297,5.8323822578242615
298,5.761099315038058
299,6.319775108036376
300,5.650652007112572
301,5.719858436975123
302,6.286611369702505
303,5.87633628001761
304,5.903578201714137
305,5.668485064312491
306,5.619481551079763
307,6.544396055779763
308,5.74931082285034
309,5.626890091276756
310,6.753579999668579
311,6.392247162194891
312,6.2299553667467125
313,5.557970860558343
314,6.940510986729058
315,6.354100421323318
316,6.413824633130693
317,5.606229930835175
318,6.794231525306427
319,5.65820608957621
320,6.531672224602506
321,6.35183670226755
322,6.270314912628497
323,5.779417004613507
324,6.888992226449545
325,5.7957207006554885
326,5.6378635256457335
327,7.111597185461773
328,6.11675225674949
329,5.7969808436636505
330,6.285180547153036
331,5.774279869639164
332,6.378856919658057
333,6.782757860055406
334,6.357364533952957
335,6.912825814541849
336,6.156973914379881
337,5.461410794661784
338,6.60520782064951
339,6.39917341099477
340,6.295253639450558
341,6.240627121121807
342,6.777913572367092
343,6.647532520523796
344,5.555642463434148
345,5.707176804901044
346,6.513287164760654
347,5.733678190638365
348,5.817908905105557
349,5.644327086410782
350,6.589085415866875
351,5.64405498006322
352,6.321286678231176
353,6.392192604845519
354,5.913477686071126
355,5.705822048475617
356,5.913548232088751
357,5.831379365874594
358,6.42564687045658
359,5.766936173817673
360,5.767726350965334
361,5.809132671237406
362,5.702805456786258
363,5.511655832316194
364,5.928812519852009
365,5.4792229823110885
366,6.434472324942824
367,6.375338174582994
368,5.9597770083469435
369,5.813844593103216
370,5.493673124120784
371,5.598058301768284
372,5.68964911067546
373,6.34619878789785
374,5.656487701075293
375,6.900905855261649
376,5.580857599267809
377,5.665406820200917
378,6.9340346659905485
379,5.686918688689239
380,5.5475223410371886
381,6.470701033585528
382,5.578563148914412
383,6.785079053268122
384,5.833787157122549
385,5.716454926617996
386,5.714248675944045
387,6.565594103642386
388,5.761576838740241
389,6.634183821748117
390,5.6849294898227525
391,6.379252275644265
392,6.461358024036283
393,6.312742588525047
394,5.4662545084029945
395,6.321958041954448
396,6.443506307566633
397,5.613905114487201
398,6.232855347225966
399,6.340948985417334
400,5.7572385677544595
401,6.765927134462234
402,5.860020664205939
403,5.701871173535722
404,5.598212499990756
405,5.705841803773694
406,5.762279346732172
407,5.641350392508889
408,5.421917365172706
409,5.704756088132573
410,6.849182164462819
411,6.504160376538667
412,6.379484512534829
413,5.6393588184914245
414,5.784463864898799
415,5.7346380424973775
416,5.896877062783891
417,5.891392951801567
418,5.673200481095722
419,6.437144294429598
420,6.195282904393532
421,5.693277876784796
422,5.834214531289937
423,6.8701464202456775
424,6.791688711453487
425,5.781092362312294
426,5.748957254165825
427,6.3657076222791975
428,6.514367311737689
429,6.24879799652196
430,5.614661549405392
431,6.938271992853914
432,5.832027638894056
433,5.7715596133621725
434,6.44211082727193
435,5.6053115884988856
436,6.446596645194267
437,5.823078125835534
438,6.410586627910233
439,5.739525442957672
440,5.412215824201213
441,6.706224094081002
442,6.335501580856293
443,6.351820907287281
444,6.6327538315181105
445,5.765697597012731
446,5.699854831540787
447,5.583972559977315
448,5.843589054518287
449,6.542469933557028
450,6.99158958071957
451,5.77149859016697
452,5.756037443651159
453,6.102111782586482
454,6.45851562103473
455,5.766559355551817
456,5.925601445546981
457,5.60277762580605
458,6.65555834451791
459,5.707759986234041
460,6.572728871706591
461,5.735084088783077
462,5.684420637506037
463,6.506615569984192
464,6.35432277162053
465,5.756139482618802
466,6.500054307332086
467,6.54016356537014
468,6.333931789994559
469,5.904135148492333
470,6.554270284799108
471,6.080248208121093
472,5.925797789124534
473,6.680294265776413
474,7.07035222950018
475,7.058995308065506
476,6.461578105460637
477,6.863825858353548
478,6.0013407904345595
479,5.85241830584354
480,6.447181810499723
481,6.594173154734588
482,6.409235773433202
483,5.689886710056884
484,6.975294707162818
485,6.513218965647276
486,5.715612713724006
487,5.778939610203162
488,6.844286336559004
489,5.841854537572405
490,6.682063630847991
491,5.764257029839924
492,6.014785174437231
493,5.733601672686584
494,5.71697798075229
495,5.748757577523748
496,5.693863525691281
497,5.916009765651557
498,6.872523693869595
499,6.423321212742183
500,6.307622558353988
501,5.830927359270129
502,6.741149839045528
503,6.31015539133237
504,6.7632100442146506
505,5.766367486034977
506,6.425172255609436
507,6.888310265722988
508,5.923238704930107
509,6.794898195473022
510,5.786007073118851
511,5.576969868340427
512,6.4899767225430525
513,5.575701516779567
514,5.663414075833909
515,5.824510825389133
516,5.916496649226952
517,5.671324999900568
518,6.586724210896333
519,5.695424062058064
520,7.142688743967816
521,5.548868438948338
522,5.802112855942165
523,5.86797922850985
524,5.821633895970914
525,6.05439271828653
526,5.644209733857229
527,6.91932655322377
528,5.823676370727004
529,6.728486423548341
530,5.695793307263349
531,5.703703760192045
532,5.8544963408169135
533,5.701374452115537
534,6.437606484474815
535,5.478683381552198
536,5.868778926139461
537,5.737774663640957
538,6.903524996563501
539,5.724800003137755
540,6.394309939855926
541,5.810969448608957
542,5.801049701995271
543,6.162140285451582
544,5.964285525360843
545,6.632089415483137
546,5.5009116279469605
547,5.4714802602914965
548,5.908792231406801
549,5.5504487854289115
550,5.654799274007413
551,7.004934103466881
552,5.802010946177896
553,6.442306455718489
554,5.617790132148019
555,6.53011622589612
556,6.3187797201786635
557,5.918736490399781
558,6.772473447487743
559,6.403746144420439
560,6.628191213549344
561,6.398350229009343
562,5.886488867949826
563,6.6563824706977766
564,5.56941668349981
565,5.834155516191012
566,5.804632149545062
567,5.654188405395092
568,5.765510664097795
569,5.745498284888196
570,5.520699446807019
571,6.629907356565559
572,6.299277844947255
573,6.008535966017061
574,6.603253729846443
575,6.326115301108539
576,5.9616833773675095
577,5.671382832640344
578,6.467706972794164
579,6.442365062381941
580,5.8353576521399795
581,5.573560772975903
582,5.916727143198804
583,6.996379512524775
584,5.681677241509701
585,6.687539339816668
586,6.412444314304438
587,5.700156414933424
588,5.856138429507896
589,5.7474679474720975
590,6.007376817161468
591,5.668417489245814
592,5.7839276036256395
593,5.978116211935259
594,5.763306804673464
595,6.080904392990393
596,5.6416407042545655
597,5.668219297779533
598,6.345628340717136
599,5.846264026230337
600,5.735371351081263
601,6.453372089835447
602,6.529644763918526
603,5.559036911765883
604,6.70805888125821
605,5.810192939086472
606,6.953606902176853
607,5.767083933288582
608,5.6115324847149335
609,5.760172959555019
610,7.071460088835799
611,5.682765927138903
612,6.0728329419770395
613,6.285466962380643
614,5.640966297794739
615,6.9123620203132585
616,5.768788897530016
617,5.723997835780843
618,5.703293956847175
619,5.895059369181349
620,5.729298325501232
621,6.4401747654120856
622,6.8906513365727085
623,5.814413654409575
624,5.831330259596641
625,6.21884892425302
626,5.608567564195827
627,5.814301896669864
628,6.62751348026141
629,5.581051064029793
630,5.760593848533635
631,5.766880163970367
632,6.153132034828324
633,5.692518190912988
634,6.4523164101039425
635,5.704395249755495
636,5.713071634396892
637,6.4049200838199845
638,6.252947047092578
639,6.419307309252591
640,5.571546004930183
641,5.55418457241937
642,6.353843905063636
643,6.68762148296683
644,5.658395252073299
645,6.894999474673803
646,7.000573972720593
647,6.533093645662009
648,5.633416776781656
649,5.703926170927709
650,5.558095895888411
651,5.585858632118062
652,6.20938675201065
653,5.66710866531955
654,5.8835796088585255
655,5.7554867723352015
656,5.8386695169462
657,6.5065390535266765
658,6.032443842444714
659,6.417624244210442
660,5.995922425682278
661,5.917239391970583
662,6.657956017439532
663,5.653241693601752
664,5.664858572359301
665,5.7952192248795775
666,6.379790543190389
667,5.750290661414203
668,5.5936417933732105
669,5.811383977144414
670,5.8866532003842975
671,6.403505786878299
672,6.8473907498390165
673,5.639290905020455
674,5.552778398533916
675,5.807758049545284
676,6.6207204115393745
677,5.971416804000292
678,5.729701050354317
679,6.480577746937621
680,5.64432224312334
681,5.858717141435027
682,5.87838840881508
683,6.429066417338995
684,5.609607071902359
685,5.7334985551688815
686,5.899330244138757
687,5.661928203822073
688,6.788414892342062
689,6.528327775718814
690,5.398976049264916
691,5.875709253531319
692,5.751220676777567
693,7.07795067237212
694,7.0579287039211875
695,5.700145102948433
696,6.499195298794298
697,6.697157422534483
698,6.690734224350113
699,5.839587095867431
700,5.764591858745158
701,6.553170771188142
702,6.359386345046479
703,5.747446669265173
704,6.425812840652042
705,5.699081505774078
706,6.473495619986479
707,5.910677764209454
708,6.4915735721825865
709,5.75669338004744
710,5.821450811075676
711,5.627777881588893
712,6.396630201153654
713,5.852543265834369
714,5.875924916355992
715,5.569497445749797
716,6.769413977453909
717,6.159668854847757
718,5.693785641363571
719,5.803272947216358
720,5.714791716101185
721,6.7299175683437396
722,5.690672649300292
723,6.299473757873469
724,5.445744248949194
725,5.445698908495014
726,6.287697094019843
727,5.610652051101091
728,6.790026519117837
729,5.886353726140076
730,5.83786134289588
731,6.512309575845843
732,6.29112788330054
733,6.322228227670151
734,5.996905601872876
735,7.0459616872253665
736,6.577127142941353
737,5.939118856307927
738,6.455251680434746
739,5.613143036535448
740,6.69721769687765
741,5.808030477540114
742,6.598995503378945
743,5.829834268082478
744,5.570789501484366
745,5.674276457857522
746,6.552614383677426
747,5.67446361854676
748,5.59151630288307
749,6.065279121045654
750,5.8052470540556875
751,6.506529907773166
752,6.3679177156410125
753,6.524611536485238
754,5.887402402786966
755,5.65648669279404
756,5.679205087760669
757,5.490693938965975
758,5.5996767906887825
759,5.906652420210267
760,5.562068964197108
761,6.8437412271987315
762,5.966853748943105
763,5.670149778806516
764,5.836747834385899
765,5.707573006360051
766,5.954258754140733
767,6.2149465409633935
768,6.743465452957571
769,5.815410458194298
770,6.509363635445336
771,6.355164344389898
772,6.342417935215864
773,6.57990396013728
774,5.809588963046921
775,5.635776628972389
776,5.770546520343173
777,5.6476681902518235
778,5.7570657554899025
779,6.626604953712851
780,5.723277790478472
781,6.498264066995348
782,6.051001323116612
783,6.558592974398347
784,6.383222636756792
785,5.636795563264331
786,5.537216799288071
787,6.782099193765569
788,5.62565551145163
789,6.523267182217183
790,5.893305580096881
791,6.001478471130947
792,5.7636403901411395
793,5.648886437811982
794,6.304432576751971
795,6.447403218044668
796,5.880095152829357
797,6.22480380977122
798,5.995161741147346
799,5.635997998867086
800,5.649992519572157
801,5.7337169079977
802,5.754258880630497
803,6.453214617038306
804,6.625635827405968
805,5.5164069757292875
806,5.686305808539698
807,6.539035147197327
808,5.7240261870966584
809,5.627700950803175
810,5.807826084206141
811,5.789877113640671
812,5.659799228190265
813,5.685943263529343
814,6.788022500513617
815,6.821912884021715
816,5.9888828563002585
817,5.950443801221898
818,6.563459065246048
819,5.696856814497591
820,5.816683986898313
821,5.603361979476161
822,5.880778789062067
823,6.452522336564784
824,7.056246302721126
825,6.283537747243377
826,5.699079027725853
827,5.73991076535916
828,5.637363675133633
829,6.755594314349181
830,6.478513591759557
831,5.599574964627192
832,6.18621737114025
833,5.676838911197546
834,5.727692428177425
835,6.213963958320457
836,5.721509045318088
837,5.607407099737019
838,6.230031282709479
839,6.803497713612265
840,5.790442872731456
841,6.991073311423613
842,6.25505704733193
843,6.5911122494596395
844,5.849128253874328
845,5.712999595540579
846,5.698226198574655
847,6.545179158072383
848,5.903968659408776
849,6.707666696297735
850,6.018378941122189
851,6.377725091830564
852,5.634408916455791
853,5.942801863186981
854,6.368946165249687
855,5.364890871613515
856,6.387744242618249
857,5.8358694641961115
858,6.372332114573345
859,6.34656446008827
860,6.828583407350485
861,5.658633987359542
862,5.948554048322765
863,6.451418502682981
864,5.622363062459117
865,5.757655017557251
866,5.88474595525121
867,6.356360161527534
868,6.577975422710096
869,6.016484698673566
870,5.796171122806361
871,5.747340371874814
872,6.377745166688198
873,5.468110391840035
874,5.991428536329426
875,6.408393703740516
876,6.238618663925977
877,5.781816466471953
878,5.865435835988536
879,5.854895383472734
880,5.265122251230971
881,5.829492654876888
882,6.413157554734502
883,6.906166122686585
884,6.054886117219423
885,5.801423295274182
886,5.66329286934985
887,5.665717096932798
888,5.657290436263976
889,6.430254488902367
890,5.7287375572798
891,5.6219959278231295
892,5.749939435159767
893,5.7588492003757095
894,6.438220723306971
895,5.764209857020867
896,5.799940792588942
897,5.924867327421344
898,5.742654680382465
899,5.770320789231027
900,5.6104065794230165
901,6.488010510437545
902,5.671914423201706
903,6.257947844916293
904,5.775883072333578
905,5.6567757647801145
906,5.949039729600759
907,5.835397113864832
908,5.9161803206602634
909,5.743866163221361
910,5.57094415496432
911,5.7050368915254674
912,6.324545451480243
913,6.277605739452648
914,5.624356467924124
915,7.126999431824105
916,6.378500050095876
917,6.494408118041552
918,5.560702846118972
919,5.38744960174595
920,5.508474610334377
921,5.8380308812771124
922,5.677136944860372
923,5.735645359965745
924,5.551959020559085
925,5.801077223346757
926,6.642673970837787
927,5.783283100067548
928,6.522108202302447
929,5.860277353643413
930,5.570987097861363
931,6.402768435030115
932,5.5853836958190355
933,5.747296546411713
934,6.453891438530268
935,5.927891076328287
936,5.836218116345768
937,5.799063618474938
938,5.691803211963105
939,6.0426509171561165
940,6.20026038483343
941,5.727628765904117
942,5.690947992178799
943,5.55671912948229
944,5.586964761769795
945,6.876263813586572
946,6.644786204025787
947,5.804473704253739
948,5.785491101895781
949,6.017278443420773
950,5.729999784415703
951,5.760366148918299
952,6.622282762237703
953,5.661397232468918
954,5.550469471565517
955,5.918489142241233
956,5.909597550513868
957,5.773065337353625
958,5.782940305854527
959,6.427883050488617
960,5.638092133797836
961,6.672768701958842
962,5.646991836265423
963,5.621492202723996
964,5.831726669550396
965,5.58462812822918
966,6.5225587195047
967,5.625805560790634
968,5.5613417661349285
969,5.740642083463995
970,6.459557938810811
971,6.8190450862419585
972,6.375523449218689
973,6.437014495097078
974,6.492381871749354
975,5.519210732470328
976,5.576877992110192
977,5.9149363228022205
978,5.772449278813624
979,6.039223005765917
980,6.509094785705553
981,6.451861036308905
982,5.475949139462154
983,5.823731044521595
984,6.646159148884681
985,5.544013813835907
986,5.816346486151198
987,5.653170564616699
988,5.5357203622342785
989,5.740534760565147
990,6.556132578455241
991,5.936964202957362
992,5.784560454771614
993,5.914400639142364
994,6.442898620894158
995,5.664754462864948
996,5.738060065441675
997,6.559228172312952
998,5.724083012535817
999,6.802822611894798
1000,5.894175040207998
1001,5.813140309121963
1002,5.672646181554248
1003,5.282021986613212
1004,5.889087447197485
1005,5.848619628762204
1006,5.774975881738666
1007,6.3024658459983405
1008,6.552381043178695
1009,6.434380110600199
1010,5.48952439490063
1011,5.519409534359834
1012,5.671074304470678
1013,5.778214281052325
1014,5.6909338398330895
1015,5.657660176845388
1016,6.703986785382302
1017,6.560612546762135
1018,6.293695806420492
1019,5.3129630949681825
1020,5.716988568780158
1021,5.660398357515318
1022,5.632906380384575
1023,7.121805511521274
1024,5.838826180060531
1025,5.750170293774282
1026,6.762525344466059
1027,5.807960067630933
1028,5.81759743764993
1029,6.6806129740700575
1030,5.736195877002017
1031,6.866316379417409
1032,6.074617862576857
1033,5.810186106008976
1034,5.593883974531635
1035,5.734267429005678
1036,5.74425501867142
1037,6.075383418893702
1038,5.893229877517154
1039,5.610981689671895
1040,6.926396269202912
1041,6.518036903647777
1042,5.678409037495556
1043,5.87021894214526
1044,5.537009821179472
1045,5.751830682063228
1046,5.804517304843529
1047,6.176233424975084
1048,5.63462644936582
1049,5.667619013460752
1050,6.53382459669729
1051,6.926659032100668
1052,5.451062585037144
1053,5.825087437334703
1054,5.710458247848847
1055,5.746844128547496
1056,5.610622520396119
1057,5.645812675911341
1058,6.270232090914228
1059,5.592932582015578
1060,6.5579150532926755
1061,6.6611616894410925
1062,6.125725076186763
1063,5.886062569514195
1064,6.3777795950929725
1065,5.996907311929877
1066,6.621062877150656
1067,6.827239350255459
1068,6.39545791798307
1069,5.735853287332224
1070,5.566321222639211
1071,6.630953617200164
1072,6.727335372140805
1073,5.332104040438536
1074,5.677088728566487
1075,6.929524591692057
1076,5.6988118428500005
1077,6.581101680366817
1078,5.685732992776902
1079,6.441514896023417
1080,6.662091558459883
1081,5.677970739351529
1082,5.983361748809334
1083,5.721510715176817
1084,6.099101486113125
1085,6.992553656698325
1086,5.871598465430927
1087,6.636667321605063
1088,5.60205307461923
1089,5.8315764754918575
1090,6.642648240933827
1091,6.445911654781814
1092,5.653240606016116
1093,5.782607140864767
1094,5.582885656026012
1095,6.768948168810635
1096,5.7874942897459265
1097,5.90339999252617
1098,6.060954242026032
1099,6.364654987504921
1100,5.843008884043173
1101,5.770109252705897
1102,6.2464817963820884
1103,6.324167187654097
1104,5.497574048949121
1105,5.882381718274974
1106,5.650744836114979
1107,6.33176470401589
1108,6.71151430557824
1109,5.669738679906511
1110,6.863682862589582
1111,5.801195752303742
1112,5.703372206763879
1113,6.316984320349925
1114,5.792996200472861
1115,6.789784193016248
1116,5.875060713508005
1117,5.8028930947230615
1118,5.7025425820028985
1119,5.685022645999484
1120,5.762836942586392
1121,6.835054203989341
1122,5.674201044615833
1123,5.749539184571368
1124,6.584941154803756
1125,6.506049600044515
1126,5.7171301803300105
1127,5.600931261733266
1128,6.85427686448595
1129,5.871199248649372
1130,6.842426482440793
1131,5.7032526723264585
1132,6.575469728101964
1133,6.575356427405861
1134,5.8946302660275105
1135,6.00313691743293
1136,5.802588186570365
1137,5.751742218624886
1138,5.821858757187931
1139,5.549236593312559
1140,6.799929760056113
1141,6.347899440507536
1142,5.8691962352771245
1143,5.659328230384488
1144,5.685096344140136
1145,6.304281639756583
1146,6.83902454883449
1147,6.463017204278092
1148,5.789318616845516
1149,6.716219360102028
1150,6.63002270390894
1151,6.432137143281893
1152,5.806877039912978
1153,5.730353444331781
1154,6.31873339887515
1155,6.539589352820886
1156,6.345084398245349
1157,5.960223223590738
1158,6.280583983913813
1159,6.479054034338588
1160,5.996715016176312
1161,5.702842321728533
1162,5.629526727470947
1163,5.6409482617410935
1164,6.057572403152835
1165,6.788288114505748
1166,5.615111770153532
1167,5.830915832649914
1168,5.85213812285507
1169,5.806353342496067
1170,5.890331929362581
1171,5.739932480769849
1172,5.508836642727533
1173,5.835868231458468
1174,6.1227414556900435
1175,5.7669053516614905
1176,6.493734296465453
1177,6.938680057022208
1178,5.612244647331129
1179,6.380176018311625
1180,6.058859923668516
1181,5.844770591506781
1182,5.577592068972814
1183,6.811598824072743
1184,5.735790664849867
1185,5.699878611746061
1186,6.5991417274512365
1187,5.668847871737731
1188,6.438100743967438
1189,5.5703552894299095
1190,5.915151173079594
1191,6.341828817142767
1192,5.750749878877912
1193,5.910890544311074
1194,6.541464529508037
1195,7.004547518110581
1196,6.568448781593823
1197,5.887976793451603
1198,5.635543841373892
1199,6.707230856473837
1200,5.861854104005082
1201,5.803504216765798
1202,6.422583697860282
1203,5.803165413240195
1204,7.047504035266531
1205,5.4675161538317365
1206,5.639966746655845
1207,5.659466171776394
1208,5.55212651799943
1209,5.835911647291033
1210,5.792621475814493
1211,6.644422158084139
1212,6.564924480499228
1213,5.876085865118062
1214,5.646090866047574
1215,5.603908825946031
1216,5.800519164522971
1217,5.872538219498761
1218,5.815714443530043
1219,5.882634564956838
1220,6.29176343306744
1221,5.751735344795394
1222,5.691723342487354
1223,5.646144556846684
1224,5.762022119608203
1225,5.841439794813608
1226,5.668290847908132
1227,5.619534394688169
1228,6.366521506972135
1229,5.8952599543335245
1230,6.481795558613319
1231,7.084286704482901
1232,5.751351660553271
1233,5.630567330356441
1234,6.247755283724068
1235,6.606097678150053
1236,5.645167875304151
1237,5.886740444042891
1238,5.903040347570054
1239,5.716569614090908
1240,5.740191966063286
1241,5.897387581648952
1242,6.453043832911732
1243,6.282773921333942
1244,6.670452790601745
1245,5.791420873188137
1246,5.8258398470168835
1247,6.800021046366717
1248,6.491286700402986
1249,5.865528175373093
1250,6.698165925778929
1251,5.69027607664497
1252,5.760057920481674
1253,5.917901562265383
1254,5.536370866462545
1255,6.137507841355369
1256,5.85552321921976
1257,6.076140958275682
1258,5.664040377263165
1259,5.744657847368952
1260,6.479953377277107
1261,6.243868621142399
1262,5.747929638267367
1263,6.906700534488973
1264,6.962335482847323
1265,5.739605421275884
1266,5.866586160000441
1267,6.4633413682686705
1268,5.925114541862637
1269,6.41091009320317
1270,5.957367979235887
1271,5.725728944527231
1272,6.310747367581208
1273,5.601896206344297
1274,5.675543592569929
1275,6.38968757950816
1276,6.125553988353988
1277,6.318961633686403
1278,5.710641799512988
1279,5.8752912551692384
1280,6.501411514333184
1281,5.596575967313211
1282,5.605137980690645
1283,5.684800518563302
1284,5.832195641032679
1285,6.805599160523565
1286,5.814538234476805
1287,5.73310766818664
1288,5.752934585730024
1289,6.507994043632445
1290,5.71809138582532
1291,5.9068000324381265
1292,5.821403541511497
1293,5.828705908028822
1294,6.56403726741787
1295,5.870551073729855
1296,6.448921437465427
1297,5.987694958198401
1298,5.627204072150528
1299,6.52201778747721
1300,6.224633893631573
1301,5.804656271804959
1302,5.468041041126591
1303,5.741801720441999
1304,5.885596445846659
1305,5.805907816342125
1306,6.754816157868205
1307,5.956326631775856
1308,5.652612528617063
1309,6.27956513387491
1310,5.696241310800664
1311,5.79545025997535
1312,5.719020069776512
1313,5.7699416728212904
1314,5.676607568870932
1315,6.703911405661931
1316,5.573395918443943
1317,5.947071404169584
1318,5.677535128227995
1319,5.795005847203661
1320,5.841194484747612
1321,5.625159536614107
1322,6.841414301184559
1323,5.587744974968216
1324,6.670570618714797
1325,5.639232349553055
1326,5.658833182609364
1327,5.968954451131367
1328,5.896720405860788
1329,5.813348598791146
1330,6.656101537204276
1331,6.51429510464528
1332,5.762826091426227
1333,6.838428396050848
1334,5.575943355601384
1335,5.7938321261373344
1336,5.626764516263395
1337,5.678104676801595
1338,5.8005212105388875
1339,5.973878915160261
1340,5.790487704843907
1341,5.691303004930046
1342,6.497443074383718
1343,5.496614267414977
1344,5.562784352136178
1345,5.692475535204356
1346,5.671329009898431
1347,5.902731063069
1348,6.015500536485544
1349,5.696894180906484
1350,5.916538145560293
1351,6.245776726196249
1352,6.598468797428593
1353,6.423255588894677
1354,6.269016783252812
1355,6.535811054417183
1356,5.626378018215049
1357,5.929489827199015
1358,5.796017652192381
1359,5.448457546397941
1360,6.769375908580876
1361,5.791935239118658
1362,6.66827860100629
1363,6.692702415060143
1364,6.551912647081036
1365,5.650339475347036
1366,6.7787868360936185
1367,5.818328367315296
1368,6.805750929299722
1369,5.676032259091593
1370,5.546536147972413
1371,5.644160894138257
1372,5.792295146044824
1373,6.187061797655397
1374,5.856414408604076
1375,5.759443417357317
1376,5.542209461284719
1377,5.43812846460583
1378,5.5190904935228255
1379,5.691623048840887
1380,5.789671047136798
1381,6.312726438782175
1382,5.7693964668041335
1383,6.400067737071954
1384,6.084194165194135
1385,5.794208874694765
1386,6.967887936501497
1387,6.736575453490633
1388,5.579476250208979
1389,6.620875699694086
1390,5.652729913767217
1391,5.945680359115238
1392,5.734451831032872
1393,6.286399718620867
1394,5.625828108156408
1395,6.812483954790678
1396,6.471633693101677
1397,5.653494342317182
1398,5.69085021357587
1399,6.431015437293553
1400,6.175856244439102
1401,5.639528107782404
1402,6.406461279206565
1403,5.563421657721868
1404,5.595561943769345
1405,6.536962789208681
1406,5.701997677365372
1407,5.791549455711306
1408,5.641536255177583
1409,6.2488392527074685
1410,6.57977550931567
1411,5.87058932853706
1412,5.757133048872578
1413,6.555217483275896
1414,5.833174141042604
1415,5.444501604405759
1416,6.366986058627442
1417,5.556753243920528
1418,5.8228483066849375
1419,6.337735697798547
1420,5.381827218427825
1421,6.703834140051118
1422,5.678576681617755
1423,6.304349353977159
1424,5.679306198357823
1425,6.8586110102654905
1426,7.035733864541283
1427,5.9326905862924635
1428,6.315288105597611
1429,6.483117785554785
1430,5.919124470032964
1431,5.780091753993772
1432,5.887699497076747
1433,6.392263524454807
1434,6.243349150718956
1435,5.82435166861624
1436,6.895982057250068
1437,5.624596182541021
1438,5.801525042387908
1439,5.746993289355159
1440,5.480188413904179
1441,6.238398278476896
1442,5.841748500734159
1443,5.666704521411775
1444,6.196449455672437
1445,6.56331467572567
1446,5.789300800928571
1447,5.6634259109099006
1448,5.977927707067184
1449,6.423468285317789
1450,5.746315245062392
1451,5.68113360299185
1452,5.814923813689076
1453,6.653719291005666
1454,6.695017331839714
1455,6.872644714435304
1456,5.8048439630766415
1457,6.053043630707481
1458,5.4776504434299
1459,5.741345131172722
1460,5.642038019575209
1461,5.6649122447159606
1462,5.711665919865393
1463,5.972756388902398
1464,5.620135208054106
1465,5.681289839448284
1466,6.27100582749915
1467,6.3402018079597555
1468,5.75615631426347
1469,6.780620480255506
1470,6.580764473153627
1471,6.277121604628722
1472,6.790369304937865
1473,5.852257597838042
1474,5.8668025936109975
1475,6.776379838467348
1476,6.487256440036817
1477,6.478032334465151
1478,6.657402808162456
1479,6.793136530991509
1480,6.036721988287489
1481,6.314067129737152
1482,6.19569201047174
1483,5.567957198744604
1484,5.6911907084055455
1485,5.743634020019009
1486,5.73569255729062
1487,5.7825586357798855
1488,5.628949608548392
1489,6.1942178152609815
1490,5.655254553014717
1491,6.373431212871359
1492,5.701669284485871
1493,5.533467868669358
1494,5.809135611368515
1495,6.04963817628292
1496,5.778407117063489
1497,6.333716521646798
1498,5.748753513774421
1499,5.565571443388731
1500,5.6905660486068
1501,5.720657044515212
1502,5.708035320950852
1503,5.702671184269775
1504,5.497541834732727
1505,6.33619867626622
1506,5.948800063960098
1507,6.9610204769248005
1508,5.77069003029769
1509,6.405099405772745
1510,5.604254451301374
1511,5.684669714886848
1512,5.7377860844943065
1513,5.5066181008951185
1514,5.660224973765818
1515,5.534374858830206
1516,5.699519589336405
1517,5.998078452133665
1518,5.851719228937332
1519,6.326368758271213
1520,5.729501559783149
1521,5.628866012819312
1522,6.584773408479182
1523,5.646631453290706
1524,5.701499717251904
1525,6.478484878676812
1526,5.895721171479821
1527,5.772255275741543
1528,6.809346549069506
1529,5.916620661218235
1530,7.005171482558837
1531,5.680013836350762
1532,5.8024100142314365
1533,6.9168035506774315
1534,5.687072411958352
1535,5.600274806234938
1536,5.710960467035756
1537,5.995890050803195
1538,6.336515495916111
1539,5.651844820989746
1540,6.099018705700217
1541,6.518673797769639
1542,5.704827390248536
1543,5.612511309947639
1544,6.44190692695331
1545,5.595214368327306
1546,5.6580473265289335
1547,7.179790869633559
1548,5.766084666602938
1549,5.735503954778724
1550,5.858685493837832
1551,5.775530501848368
1552,5.762683403106702
1553,6.482891222034704
1554,6.564176044845676
1555,5.58422237651988
1556,5.466868265489513
1557,6.786187195731463
1558,6.023616095467409
1559,5.682705831158604
1560,5.746992661733791
1561,6.274830680524702
1562,6.7153503958290335
1563,5.708536787228204
1564,6.397295647143008
1565,6.479658821078236
1566,6.542328468323742
1567,6.661657688794289
1568,5.804351573710185
1569,5.9022378870232854
1570,6.340284052132358
1571,5.551891841887642
1572,6.728143820516568
1573,6.601230087657152
1574,6.803833075491837
1575,5.642717017890398
1576,6.072646680722287
1577,5.789219844086709
1578,6.543772581938229
1579,6.44747741141377
1580,5.791738148271463
1581,6.6827789845830035
1582,5.822528562276951
1583,5.778036393516758
1584,6.875619418684429
1585,5.459533569973878
1586,7.112791944216878
1587,5.766058230662842
1588,6.117138812701647
1589,5.7327168931302666
1590,5.807379982727456
1591,6.099399802436994
1592,5.649994942815317
1593,7.179748613456834
1594,6.332532674815302
1595,6.832918995166814
1596,6.354253775643284
1597,6.01854475323438
1598,6.568872606325986
1599,5.7770087287415315
1600,6.508467215618742
1601,5.612890206595427
1602,5.766917925541223
1603,6.585865220618632
1604,6.047753819391103
1605,5.875996105121086
1606,6.5684598748360195
1607,5.690872499732294
1608,6.067854137028198
1609,6.972358454997935
1610,6.312033686184866
1611,5.790455266797877
1612,6.687596514402356
1613,6.866317567212633
1614,5.9438209656096355
1615,6.01547618561126
1616,6.381993292371687
1617,5.621460060732635
1618,6.278640289860866
1619,6.49287954275558
1620,5.656003275849406
1621,5.81595815114785
1622,5.72297613803462
1623,5.757114508367395
1624,5.792612928233086
1625,6.415460964540427
1626,6.43082498825709
1627,6.408724551261442
1628,5.759454406589694
1629,5.7346050923545935
1630,5.963221367350679
1631,6.358476374541355
1632,6.0312524849964495
1633,6.396718561865981
1634,5.540781407365391
1635,6.4238066441024015
1636,6.326852024506452
1637,5.555632477369127
1638,5.890674641512054
1639,5.912011047523667
1640,6.487456843337353
1641,5.834943531324891
1642,5.716059402018153
1643,5.786861007056132
1644,5.795207904251759
1645,5.841592774754254
1646,6.326779092658996
1647,5.964780598865324
1648,6.78158714186306
1649,6.577453160068015
1650,6.432204097878755
1651,5.739993241877309
1652,5.737827219947969
1653,5.598988090369879
1654,5.763035910725458
1655,5.80776296500565
1656,5.713509536088184
1657,5.828775506039224
1658,5.5549241686498485
1659,5.879279739931047
1660,5.610990587255926
1661,6.730327857597673
1662,6.677038841162732
1663,6.499180809843746
1664,5.731199120911402
1665,5.928217230873292
1666,6.463915622920876
1667,5.743275756561113
1668,6.976409122184133
1669,6.856695951031819
1670,5.553440399636344
1671,5.714490739930572
1672,5.752390080163367
1673,6.707210093739515
1674,6.438252478886078
1675,5.574042108767445
1676,6.795387988356594
1677,6.2443202571215854
1678,6.570218435428992
1679,5.877227185393743
1680,5.884806690071899
1681,5.72610697708888
1682,6.3116026957899045
1683,6.277228480633471
1684,5.69512434065384
1685,5.5168071549804605
1686,5.785557209814587
1687,5.756484344825383
1688,6.401063764233989
1689,5.631909520976818
1690,6.493641837135433
1691,5.950024199759034
1692,5.767591469503008
1693,5.885672366671534
1694,5.725628474940533
1695,5.807388115933284
1696,5.68525214886026
1697,5.76517828032641
1698,6.886324793868983
1699,5.8577109186286656
1700,5.650049016932395
1701,5.758257622388431
1702,6.842575680012881
1703,5.997601079444417
1704,5.775554788929296
1705,6.728742261611528
1706,5.654005720267608
1707,5.734101507122693
1708,6.084838665030995
1709,6.136060299740446
1710,5.748004901543554
1711,5.659205850945705
1712,5.725366090131359
1713,5.714527069965483
1714,5.881738342255487
1715,6.297336737341444
1716,5.68459925750788
1717,5.644736213985477
1718,6.4451178561412314
1719,5.684753423275636
1720,6.663004626281751
1721,5.702376901523777
1722,5.253170118537911
1723,6.280797171061889
1724,5.6457524472852105
1725,6.528677062152521
1726,6.048490488510768
1727,5.524835369888502
1728,5.8737478765554805
1729,5.521419047537067
1730,5.856092449781429
1731,5.755373898142299
1732,6.603841822016105
1733,5.773891131760828
1734,5.899088460169623
1735,5.683771182230789
1736,5.775468353429889
1737,5.541601295380113
1738,7.189168083097424
1739,5.653924561672206
1740,6.13073862426372
1741,6.11843271453811
1742,5.765461148544749
1743,6.461024168678062
1744,5.966161839549535
1745,6.238588150952222
1746,6.3458052110814345
1747,5.717144012146641
1748,5.578179846658296
1749,6.318940711331573
1750,5.5378492608577075
1751,5.864754580185255
1752,5.704077506039884
1753,5.781936513394171
1754,6.72816833548161
1755,5.868716758050064
1756,5.951786134107823
1757,5.584110936387812
1758,5.744819040056611
1759,6.726790201984686
1760,5.538393688439447
1761,5.939354178511046
1762,5.741222138967575
1763,5.598747395581685
1764,5.629170935955916
1765,5.854322103048836
1766,6.586540640199834
1767,5.735888956312071
1768,5.752298468292554
1769,5.7933351918333855
1770,6.315451609521618
1771,6.060453697315821
1772,6.376985380601074
1773,6.28058013047409
1774,5.894357858272434
1775,5.696730339307437
1776,5.824243581556207
1777,6.193742062013256
1778,5.68734454950345
1779,5.826590194645096
1780,5.740894756167555
1781,6.045337194056006
1782,5.631867778391611
1783,5.591134115579639
1784,5.743239874870413
1785,6.811889532282553
1786,6.419564623802436
1787,5.5903762666182635
1788,5.8019115430811325
1789,6.462277038286979
1790,6.683211717507387
1791,6.476691191902064
1792,6.824007722225739
1793,6.593595301537172
1794,5.662347287724482
1795,5.618366729649555
1796,6.207507049025091
1797,5.963399238867239
1798,5.8989631851982836
1799,5.679677496217464
1800,5.5998646648397346
1801,5.603807785189336
1802,5.788438897856845
1803,5.433385399463904
1804,6.532560443013772
1805,6.840725263501059
1806,5.708381253750997
1807,6.611801043549971
1808,5.613401675734068
1809,5.802066306855249
1810,6.32147736460535
1811,5.82665502729786
1812,5.6065879327062165
1813,6.69725184259373
1814,6.308060638838056
1815,6.021248941345782
1816,6.505398850265772
1817,6.4594517272657335
1818,5.70474214084685
1819,6.518370171366902
1820,5.635509174911021
1821,5.741335492627121
1822,6.463001566545561
1823,6.275878361436943
1824,5.919401140167037
1825,6.820948565639075
1826,6.755884387084868
1827,5.702913343549508
1828,5.702938611720271
1829,5.757735946330782
1830,5.6172989271346205
1831,5.8777141170017755
1832,5.700705208433504
1833,6.461674876273638
1834,6.100808205305827
1835,5.706102822698325
1836,5.818114242805325
1837,5.599648613441601
1838,6.801519464160861
1839,5.690564534383822
1840,5.7317825016808355
1841,5.934497864624137
1842,5.760262304869822
1843,5.96376471528131
1844,6.180202870199009
1845,7.01343197631005
1846,6.205132394237374
1847,5.655234679080598
1848,5.721262205244185
1849,6.274569809632909
1850,6.784562990044919
1851,6.0227480915283085
1852,5.728420606201584
1853,5.936175121806258
1854,6.370036965891341
1855,5.672425710752954
1856,5.785153167565933
1857,5.459064668123989
1858,5.650499881766227
1859,6.3510717558919145
1860,5.887518491639431
1861,5.526498916940305
1862,5.597317407862119
1863,5.725719834471947
1864,6.779682570698209
1865,5.69090294706185
1866,5.6635838148942605
1867,6.927277249479495
1868,5.618602409706592
1869,5.9311812210084485
1870,5.80245971331779
1871,6.896874285986009
1872,6.6741289228436615
1873,6.457587422194254
1874,5.609397530445035
1875,6.666997372572174
1876,5.665408460634756
1877,6.9845552915011195
1878,5.620928393170938
1879,5.709887189266895
1880,5.404434550491123
1881,6.47713439226001
1882,6.3947870022306175
1883,5.8058669370634455
1884,6.179954546044756
1885,6.800774495629339
1886,5.824747191183817
1887,6.3919871608304915
1888,5.726513166028025
1889,5.536443295310758
1890,6.4339105457629735
1891,5.569931060649737
1892,6.865490837624594
1893,5.956229794027117
1894,5.74008716223446
1895,6.888325247898552
1896,6.692155881566967
1897,5.8300658679490445
1898,5.899754137121283
1899,6.746089220406641
1900,6.900064339257124
1901,5.672548866769153
1902,6.078405892070022
1903,5.782566057690492
1904,5.965177243892844
1905,6.717454917230941
1906,6.501823549670047
1907,6.394510713492995
1908,5.816281586830623
1909,5.509089738294296
1910,6.306419751192364
1911,5.622269435709553
1912,6.959199599241031
1913,5.693432062061155
1914,5.6355914790359725
1915,5.8327226403142625
1916,5.827526799344579
1917,6.564077405556122
1918,6.456805436385075
1919,5.838251861287228
1920,6.9447081980142595
1921,5.76718037053455
1922,5.747050199239427
1923,5.715644968244873
1924,6.015858842631795
1925,5.6462374568978
1926,5.843761679863758
1927,6.623604706462903
1928,6.323524316594253
1929,5.642898471069558
1930,5.89153461832782
1931,6.419177500933686
1932,5.568782851535807
1933,6.290978253823794
1934,6.53174347055101
1935,5.688029586581299
1936,7.027558501062454
1937,5.7222597915455955
1938,5.864496539486936
1939,5.832626146987949
1940,5.661254740845055
1941,6.383385600179004
1942,5.885444325004146
1943,5.77546927637618
1944,5.761389707211297
1945,6.573359821432684
1946,5.730976287917052
1947,6.459813448994567
1948,6.5179525891944685
1949,5.673590175951526
1950,5.519552916053722
1951,6.555839080628784
1952,7.013910880118259
1953,5.780189497660464
1954,5.57584983392884
1955,6.139629827660308
1956,6.955796627404694
1957,6.986456310231998
1958,5.863450386547978
1959,6.0538678567107045
1960,5.444483921924186
1961,6.925997671720864
1962,6.513011699968056
1963,6.7447853890418035
1964,5.589795322935742
1965,5.780351522843497
1966,5.707127421574573
1967,5.803519890807345
1968,5.8525393900637175
1969,6.239887344446434
1970,5.7118161727554355
1971,5.533551710036255
1972,5.542475902732005
1973,5.96471656418129
1974,5.696837480866272
1975,7.1122847150345025
1976,6.418636135143105
1977,7.099853023569287
1978,6.755020711803634
1979,5.803885842881512
1980,5.632096441618845
1981,5.670199405637098
1982,5.752352615423333
1983,5.732272357124358
1984,5.849752779730863
1985,5.707319204154797
1986,6.421729908685966
1987,6.717073471271199
1988,5.896079873589379
1989,5.502505052784933
1990,6.431652013188997
1991,7.02757073647669
1992,5.988684795588888
1993,6.078710536674476
1994,5.763023115259996
1995,5.745585267342791
1996,5.771302495373528
1997,6.8861070867851755
1998,7.013347339789034
1999,5.881020683713497
2000,5.565748941720101
2001,5.4813815192269315
2002,5.841315286636183
2003,6.240472620858361
2004,5.605333007807115
2005,5.472445996077463
2006,5.933670217114069
2007,5.504590379140878
2008,5.700924741699035
2009,6.072166403686072
2010,5.784806132099572
2011,5.659179767099708
2012,5.788472411726706
2013,5.901300821244081
2014,5.49983680251815
2015,6.360902920607898
2016,6.483185821076631
2017,5.693821306773213
2018,5.889033047805209
2019,6.565109086508993
2020,6.355784429547139
2021,5.753584207136225
2022,6.099232038559121
2023,6.515389787962016
2024,6.753500280795131
2025,5.736106561041055
2026,5.60376922281403
2027,6.760502264897695
2028,5.845088758671376
2029,6.534194555003191
2030,6.13067355025976
2031,6.555577578030637
2032,6.819964330565514
2033,6.635921313726416
2034,5.768253686452615
2035,5.67561975500065
2036,6.47785510287965
2037,6.726512488486305
2038,6.759936209321661
2039,5.99297169034859
2040,5.699244452795776
2041,5.792367821388697
2042,5.724369570903092
2043,6.2084523125809135
2044,6.4189725840434475
2045,5.730582280793881
2046,6.124177857641348
2047,5.793639823453054
2048,5.763771608123591
2049,5.6946909242475705
2050,5.6628109420796875
2051,6.093067994933006
2052,6.397596698726395
2053,5.812954920564925
2054,5.8049091190670685
2055,5.733319565846625
2056,6.027629129968197
2057,6.4088931319352795
2058,5.713596979087652
2059,5.513794169144502
2060,6.5061706087454345
2061,5.603304359581845
2062,5.8081204430518145
2063,5.666175702592754
2064,5.671498547404262
2065,6.285287964680322
2066,5.85541644918559
2067,5.509608454221534
2068,5.636655798090044
2069,5.718629865174196
2070,5.756415579843772
2071,5.724634580476117
2072,5.814541319938152
2073,5.945335644510952
2074,5.519741845056148
2075,5.769319094844004
2076,5.665243357831254
2077,6.3414950424736425
2078,5.859686113481278
2079,5.738937282722365
2080,5.531616101110944
2081,5.74924673486871
2082,6.841970285751219
2083,5.633248528146029
2084,5.747264246096341
2085,6.447295796600862
2086,5.680808562254448
2087,5.988967386271975
2088,5.730661119966267
2089,6.4045327441708695
2090,6.107187854692211
2091,5.854801509690478
2092,5.719392006560209
2093,6.137415125150975
2094,5.858286945138311
2095,6.7904936581929665
2096,5.690821508840343
2097,5.709251201453737
2098,5.820641551089994
2099,5.777173803913313
2100,6.399149542990305
2101,6.539903818893141
2102,5.952870838195302
2103,5.65491483503409
2104,5.950228939810692
2105,6.856587886792783
2106,5.781604114192499
2107,5.721344314245001
2108,5.704071546838824
2109,7.13466162265098
2110,5.722178160212827
2111,5.820362767698186
2112,6.323061743643163
2113,6.387825324383346
2114,5.790105306247927
2115,5.850220375555118
2116,5.615452089507206
2117,6.67007123950538
2118,5.956493224711879
2119,5.657175894361423
2120,5.693877021956978
2121,6.284177611453937
2122,5.711545418399574
2123,6.420911784915111
2124,5.73982911511819
2125,5.77459844280319
2126,5.550911516001644
2127,6.06964240282867
2128,5.822982375898322
2129,5.592311179082842
2130,5.809900969297235
2131,6.320178596826784
2132,5.619056569424731
2133,5.703402851974301
2134,5.818304318090642
2135,6.068868187691304
2136,6.573688299498524
2137,5.594954178110049
2138,6.663181205907564
2139,6.6966734895986875
2140,5.84263526921619
2141,5.703271845033832
2142,5.746510392164344
2143,6.505914697206226
2144,6.38490057713519
2145,5.638913118354325
2146,5.9595450409864466
2147,5.9237781331754915
2148,6.438384924035062
2149,6.303517486449031
2150,6.495281818769943
2151,5.55086928965186
2152,6.042130548712786
2153,5.841916908430369
2154,5.783530006105668
2155,5.964585420406715
2156,6.840812008990078
2157,5.750487120053545
2158,5.8405602318113745
2159,5.556158989325403
2160,5.662407373862053
2161,6.454418363761692
2162,5.725657562686914
2163,6.671365694737212
2164,5.663140279815024
2165,7.005522880006456
2166,6.2819164705484
2167,5.656645476060919
2168,6.405906040751226
2169,5.788790442509565
2170,5.71013566770498
2171,5.749639269163608
2172,5.868429549559335
2173,5.698919939824581
2174,5.9051898357586525
2175,6.740519289056481
2176,5.891141706954134
2177,5.77526235568761
2178,6.957063444831924
2179,6.394724365927018
2180,5.664338323075831
2181,5.814310725770866
2182,5.8730719435391325
2183,5.831158087652009
2184,6.339012047437039
2185,5.884602746909751
2186,5.792886456687906
2187,6.477519080888088
2188,6.619740439152389
2189,6.69870917956352
2190,6.300616635572324
2191,5.738239359079214
2192,5.861160319159865
2193,5.6828740777091244
2194,6.904312934264233
2195,5.86073117370199
2196,5.768406647788619
2197,5.62598023701117
2198,6.360137335827211
2199,6.56215532721793
2200,5.758295460321647
2201,5.685015018017892
2202,6.479606933721382
2203,6.216119174276815
2204,5.660022454760378
2205,6.615699709380551
2206,5.8117776557960905
2207,6.02391912698709
2208,5.710663060532506
2209,5.835164951719133
2210,5.642870963554661
2211,5.687891354858059
2212,6.504693197253348
2213,5.651860434682211
2214,5.672410596997895
2215,6.647072214436411
2216,5.76511232323276
2217,5.774443482689655
2218,5.87103531356947
2219,5.69912631948646
2220,5.758210574479541
2221,6.52122954401535
2222,6.2342705432264385
2223,6.40146133946822
2224,6.555281648936635
2225,5.960548386451553
2226,6.510306071228545
2227,5.739443112127736
2228,6.769054104010673
2229,5.936709451504806
2230,5.895204715508527
2231,5.84438819175239
2232,5.7298175884497855
2233,5.848358648802648
2234,5.743592206750576
2235,5.767932771553871
2236,6.5821080159361145
2237,6.302233801412071
2238,6.376464108135203
2239,6.183087198850603
2240,5.826615686708453
2241,5.8027707016508945
2242,6.338536978051482
2243,6.85468680174805
2244,5.599641883895486
2245,5.798251021717959
2246,6.766305918756201
2247,5.869316119609671
2248,5.7869777344552915
2249,6.003969515461665
2250,5.671282999544197
2251,6.724971321684264
2252,5.786778864491395
2253,5.774552596389656
2254,6.50418217128014
2255,6.7945634341517
2256,6.57850276190873
2257,6.602989698007599
2258,6.60982595669192
2259,5.971968943104129
2260,5.757026173669074
2261,5.697047239507048
2262,6.081721725446851
2263,5.796594381452503
2264,5.8534119287572
2265,5.7492178436183385
2266,6.3593732158354745
2267,5.73583532914217
2268,5.823138707550891
2269,6.027321872347311
2270,5.673872012097069
2271,5.884125544233825
2272,5.712514719678812
2273,6.353302039197932
2274,7.028971484306026
2275,5.775705823316218
2276,5.794306319249979
2277,6.694433009172427
2278,6.440588018270171
2279,5.742153339622057
2280,6.631038863306587
2281,5.889078317799391
2282,6.303205908478542
2283,5.876976602355073
2284,5.8747538217072375
2285,5.60698120936056
2286,5.956208751211623
2287,5.777173743965289
2288,5.866381094009421
2289,5.959607528043901
2290,5.759552827567655
2291,5.664518332507089
2292,5.741653912451261
2293,6.02202064017378
2294,6.200184340206598
2295,5.674228977042295
2296,6.609210169800413
2297,6.0949397987113665
2298,5.787478454499752
2299,6.330404639794542
2300,5.687531075354263
2301,5.827032219308373
2302,6.392561313360497
2303,6.7945573085055635
2304,6.239127766678036
2305,6.723512382541376
2306,5.714487048797731
2307,6.443467467130756
2308,5.716014369728628
2309,6.072221617873895
2310,6.429708389358939
2311,6.5641951859267715
2312,5.8698898842562075
2313,5.719897013464987
2314,5.719434289006109
2315,5.877703746572001
2316,6.004753893708457
2317,5.743740354298962
2318,5.897036104764745
2319,6.2799333462036175
2320,5.797798580300021
2321,5.822268956370193
2322,5.9370077798849765
2323,6.585881106853642
2324,6.260291152423268
2325,6.019235442551685
2326,5.725683846918875
2327,6.399345356137486
2328,5.8545029401271345
2329,5.729282504432754
2330,5.6054469414477595
2331,6.64475210492543
2332,5.5337350379688335
2333,5.691734702241859
2334,5.6267346200192705
2335,5.692623275014724
2336,6.749988611430678
2337,6.531348678957342
2338,5.852353878884899
2339,6.169875912669116
2340,6.032616441182224
2341,5.879771304469021
2342,5.372155292480076
2343,5.650226119243191
2344,5.62138032396188
2345,5.551507228585285
2346,5.7504563730748774
2347,5.99798242915325
2348,5.815842714994891
2349,5.580638433005154
2350,6.132933683552591
2351,5.682853260293436
2352,5.758096234436846
2353,5.806226092262164
2354,5.384517608173979
2355,7.180018873952413
2356,6.004997554410225
2357,5.697990152496682
2358,5.719948870984274
2359,5.820637660277889
2360,5.699739662431943
2361,6.536169374950251
2362,5.777399844281603
2363,6.001741998890806
2364,6.679723913866694
2365,5.8976094189814035
2366,6.906388563025221
2367,5.702626685581578
2368,5.780757924773225
2369,5.766927748718009
2370,6.459314962590383
2371,5.699063241727254
2372,6.3695001541476515
2373,6.4481677861970494
2374,6.9216030094498135
2375,5.757520827178269
2376,5.816586734217062
2377,5.923700338845394
2378,5.613751809727298
2379,5.69651890091227
2380,6.358287985014044
2381,5.873471659521403
2382,6.495962833350947
2383,5.644965621338283
2384,6.529703108045355
2385,5.693440095868534
2386,5.4926503928260395
2387,5.554613909893467
2388,5.914904880244708
2389,5.643770646262132
2390,5.8028314617350585
2391,5.733992816635854
2392,5.616917527466145
2393,5.648858824425811
2394,5.6868351958544485
2395,5.786739470761324
2396,5.782438140272733
2397,5.630906125288528
2398,6.3750289956565895
2399,6.82461656880273
2400,6.41403669709514
2401,5.660414241723779
2402,5.668872769125842
2403,5.709338630021947
2404,5.679436595573471
2405,5.578104059209264
2406,6.56667196909981
2407,5.742272389085933
2408,5.748021057050376
2409,6.725266301916773
2410,5.738825053681552
2411,5.66553632843492
2412,5.709940864140585
2413,5.731998963708211
2414,5.530920261320778
2415,5.890162882764502
2416,6.947981229003232
2417,6.518100518453014
2418,5.780042075222959
2419,6.410763260236585
2420,5.762716767649669
2421,6.173326011809106
2422,5.636928951333698
2423,5.822777331718711
2424,6.408305334255186
2425,6.569408958663896
2426,6.711694791197812
2427,5.74634273036622
2428,5.7366883233371935
2429,5.680606887440459
2430,5.6260531540829986
2431,5.5300321699184325
2432,5.787099309621176
2433,5.665390932221098
2434,6.841853736866927
2435,5.80356232145527
2436,5.534743076698942
2437,5.671455673555409
2438,6.120593848026483
2439,5.743776417455601
2440,5.628339502305189
2441,5.745703531564397
2442,5.730490602641123
2443,6.690899577104997
2444,5.754837453622498
2445,5.802808398906676
2446,5.715767296022407
2447,6.00404751298854
2448,5.8208779169264435
2449,5.789128276239299
2450,5.698966436080168
2451,6.841165444971417
2452,6.523922848793969
2453,5.5620527124513695
2454,5.60925004463356
2455,5.76724944279737
2456,6.608127642430572
2457,6.096864511123012
2458,5.682984781315447
2459,6.934690170744221
2460,6.459726433355887
2461,5.701369590035954
2462,5.594163552553572
2463,5.752325231303981
2464,6.745465512692176
2465,5.656139128424959
2466,5.800363367030173
2467,6.44701489083177
2468,5.536047515260244
2469,5.352409761409552
2470,6.491292285695515
2471,5.71219351665526
2472,5.5409993708305265
2473,6.815005296366479
2474,5.921419387138933
2475,5.745486538385832
2476,5.70674025290057
2477,5.6401365900824025
2478,6.122219804904996
2479,5.82952361672695
2480,6.394316419253544
2481,6.7720424582207155
2482,5.695921288799505
2483,6.323524016655224
2484,6.514823759891804
2485,6.5120535923333875
2486,5.640984063777697
2487,6.830021554976842
2488,6.46715907517401
2489,6.561529730668473
2490,6.465215696678758
2491,5.806837966605118
2492,6.2791200960164675
2493,6.506805841881234
2494,6.776584146008779
2495,5.943672219677495
2496,5.843940294370824
2497,5.663838527957381
2498,5.6789485278593075
2499,5.51675883054014
2500,6.606695783324185
2501,6.872967741088826
2502,6.604952646385757
2503,7.104074404637998
2504,6.337601673266895
2505,6.623312590054036
2506,6.806956998466628
2507,6.845757013300082
2508,6.34321557235881
2509,6.84021030217014
2510,5.802288420324252
2511,5.605132791057884
2512,5.666793407568947
2513,5.714359374712344
2514,5.778215086722302
2515,6.726124604421201
2516,6.004067961431994
2517,6.44299010902087
2518,6.384167683627786
2519,5.656489793140564
2520,5.8261577421518105
2521,6.287183261389544
2522,5.817206812434153
2523,6.8079091754651335
2524,5.718863800717436
2525,5.675949315384355
2526,5.710032101097348
2527,5.7499579982830005
2528,5.632680283197386
2529,5.702011785043564
2530,6.054426150369559
2531,5.568174494968966
2532,6.287419494303958
2533,5.8344041249122185
2534,6.617773265209624
2535,6.847476052932474
2536,5.894829875232189
2537,6.447241033478395
2538,5.735795828660231
2539,6.807852765905138
2540,5.716059910957956
2541,6.684506509544402
2542,5.785786602707986
2543,5.753080808920052
2544,6.125504850645078
2545,6.4810339879064065
2546,7.113962451073222
2547,5.684298584492253
2548,5.605700327356934
2549,5.847886129644529
2550,5.8529557176056395
2551,6.833434603058885
2552,6.4842475638238675
2553,5.854782388017112
2554,6.27768281318657
2555,5.624135401810424
2556,6.388227685453005
2557,5.6776688766974495
2558,6.323168400921291
2559,5.867716542453962
2560,5.649146490325434
2561,5.804284404180688
2562,5.710516830968668
2563,5.6525794562888345
2564,6.566585680300991
2565,5.927678366738495
2566,5.677214303567665
2567,6.164337522910999
2568,5.638487299623514
2569,6.506679911126626
2570,5.707241430235985
2571,5.695629639190437
2572,6.5359451536793
2573,5.623535517453584
2574,5.696505626232779
2575,6.98766579624627
2576,5.686477239095633
2577,5.5668285175991254
2578,5.67351630381143
2579,5.8771876861457235
2580,6.445852882678729
2581,6.344463634841892
2582,5.889562872273561
2583,5.984792960779871
2584,5.731468953664497
2585,5.893889410528605
2586,5.817252226046216
2587,5.654874650982542
2588,6.71276583088893
2589,5.638397168322017
2590,5.842982645706795
2591,5.782067176217858
2592,5.691918730101759
2593,6.449081204435867
2594,6.277912070134376
2595,5.585619891114005
2596,5.622153734929663
2597,5.939960236821651
2598,6.755281986077231
2599,5.709965571999647
2600,6.469861561399679
2601,6.581888579740346
2602,6.336993876130517
2603,5.952233840363825
2604,6.833507526421723
2605,6.216245513206566
2606,5.862330574390666
2607,5.711990652062715
2608,5.615439130407654
2609,6.76143220156932
2610,5.6541114337359035
2611,5.6934662819012365
2612,5.50576235227633
2613,5.721579628489147
2614,5.696798809483513
2615,5.888375918399886
2616,5.739390696343517
2617,5.3653025744267
2618,5.719765543586737
2619,6.426686255783881
2620,6.5646820500971526
2621,5.887142656349731
2622,5.593223822044731
2623,5.638122332631223
2624,5.812641978002928
2625,6.516174958396342
2626,5.694450263646665
2627,5.765412327783276
2628,5.636203067241838
2629,5.887418310413441
2630,7.04383608737846
2631,6.955016837401099
2632,6.135926412440758
2633,5.8573253962591085
2634,5.717328058460222
2635,6.36278429871677
2636,5.868299295558257
2637,5.890877613880878
2638,6.834162398761667
2639,6.764624103677769
2640,5.7299502344269175
2641,6.117436638467942
2642,5.753430763359564
2643,5.695438161086834
2644,5.585730679070455
2645,6.759687318844048
2646,6.530355325622193
2647,7.1070599621541986
2648,6.725206216050598
2649,6.645220177531326
2650,5.820898664395827
2651,5.840572871894355
2652,5.770237961858027
2653,5.707065990702348
2654,5.661845903539625
2655,5.823980749496274
2656,5.79000579752134
2657,5.712548773073876
2658,5.706077459419099
2659,6.4563741005712645
2660,5.771014469761329
2661,5.840396454346103
2662,5.693319665322593
2663,5.7414015833257
2664,5.830284902059699
2665,6.13385299301682
2666,6.284701429570792
2667,5.927650938142633
2668,5.8666988085816385
2669,5.89834428394739
2670,5.804609291968802
2671,6.460353418814753
2672,6.821140292457099
2673,5.759815273771804
2674,6.93366468638432
2675,6.713459237789567
2676,5.502624194179971
2677,5.616318340344448
2678,5.852276304244686
2679,5.870004968880913
2680,6.524065071496669
2681,6.121303685016552
2682,5.635326586658338
2683,6.602236646265657
2684,5.648303453900903
2685,5.809762894369016
2686,5.6231628086973116
2687,5.652236457584419
2688,5.8051582149013266
2689,6.9642684713199365
2690,5.761444470893033
2691,6.019954509665751
2692,5.809489702347767
2693,6.238595468368134
2694,6.33950402694535
2695,6.991872485098415
2696,5.752984958685816
2697,5.595641952892617
2698,5.938594243629568
2699,5.923942995821266
2700,6.616301620608706
2701,5.716790236658579
2702,5.957825129923641
2703,5.714235741961342
2704,6.507992754836242
2705,5.73730324161714
2706,6.840708390485924
2707,5.596967022282034
2708,5.712965835255371
2709,6.2326908139481665
2710,6.538303507910497
2711,5.672030914771722
2712,5.573486318440588
2713,5.6894316386455905
2714,5.72325016853573
2715,6.313917810683665
2716,6.287735109602214
2717,5.59480993932788
2718,5.798004126764542
2719,5.757779416643543
2720,5.775450956089163
2721,6.367718137371443
2722,5.593520496657582
2723,5.829070470715151
2724,5.747062406368328
2725,5.8345473926878535
2726,5.7167633515499805
2727,5.55237381172066
2728,5.7482319774239645
2729,5.672765984929221
2730,5.738172832043509
2731,6.535616938817696
2732,6.239049306567053
2733,5.69874500775746
2734,6.559717146657505
2735,5.76873319990205
2736,5.825850361595831
2737,5.758299217934776
2738,5.71475686299218
2739,6.422530433029107
2740,5.7480794824439885
2741,5.579928479027163
2742,5.854019084810378
2743,5.7647805958438925
2744,6.414133345068309
2745,5.904598902295301
2746,6.1573483855138775
2747,5.765466090507972
2748,5.756582321159064
2749,5.759794368455385
2750,5.8950530928374665
2751,5.53059562634207
2752,5.784241479548037
2753,6.3867755523018355
2754,5.773162932714231
2755,5.860508300639259
2756,5.7860854804637984
2757,5.549659317522648
2758,6.834127252551649
2759,5.8647073134395455
2760,6.357415554591553
2761,5.583160401141084
2762,5.7618585630231465
2763,6.323192367931472
2764,5.920551388281462
2765,6.909147730692156
2766,5.953646432021574
2767,5.590591529542547
2768,5.550179294336083
2769,6.447056656062588
2770,6.506037958719226
2771,5.584861101511905
2772,6.539583926859674
2773,5.71620214774709
2774,5.6836638671424
2775,5.7476627032977605
2776,6.604499949342682
2777,5.6938140189499515
2778,5.909409983398949
2779,5.8491165617505745
2780,5.728226568110291
2781,5.842267872421769
2782,6.214636444407071
2783,5.734737449514713
2784,5.785157585004446
2785,5.799106185515459
2786,5.671040537328144
2787,6.339097743196493
2788,5.771089899624977
2789,5.599423557186907
2790,5.7922342757720955
2791,5.854029578602183
2792,6.654120495585857
2793,5.657569203014454
2794,5.9147998007923785
2795,5.693183866194756
2796,5.697698964928905
2797,6.799691590410585
2798,6.089106937155761
2799,6.452943329943905
2800,5.73530232280011
2801,5.655389591971908
2802,6.3671505543119
2803,5.474865365164755
2804,5.686031998100556
2805,5.906741207639194
2806,5.89285041222426
2807,6.724813979153887
2808,6.767802566740516
2809,6.317114179123913
2810,6.425519593219068
2811,5.890360542914501
2812,5.939562970280816
2813,5.7834656169239755
2814,5.683947742846867
2815,6.862811319006564
2816,6.721538804127345
2817,6.096932283606507
2818,5.49077923360761
2819,6.891286910087541
2820,5.771198817738795
2821,5.7619919819511605
2822,7.398668112257134
2823,5.709077252050942
2824,5.677500755229176
2825,5.821168939812959
2826,6.214064523138343
2827,5.643639846925038
2828,5.535262726299525
2829,5.905211083616244
2830,5.9898701461163055
2831,6.7616910238444214
2832,5.832817483230813
2833,5.543281806499871
2834,6.374838577882527
2835,5.826342513774233
2836,5.807324330850841
2837,5.666759530641077
2838,6.296743915884951
2839,5.536490812142757
2840,5.782398591694931
2841,5.402173468156353
2842,5.6263651861777
2843,6.445887526441518
2844,5.814092103257588
2845,6.906941768528133
2846,5.720133542833882
2847,6.313839204060649
2848,6.78330104071473
2849,5.65948767109993
2850,6.903651255719901
2851,5.780203426801705
2852,6.566676676926853
2853,5.853150466388593
2854,5.7567024163274105
2855,6.20908488581125
2856,5.748735989422521
2857,6.680611153496318
2858,5.707263522516968
2859,5.597854347537665
2860,5.754897755611568
2861,5.799860786565009
2862,5.859290399483112
2863,6.717783974524435
2864,6.6044252626153765
2865,5.642204981391805
2866,5.754123202913059
2867,5.774630416052774
2868,5.799345485256655
2869,5.900401302078779
2870,6.868747081685627
2871,5.869465039206883
2872,5.7793781139814975
2873,6.562736929768455
2874,6.572311900012198
2875,5.753173957565924
2876,5.722891416370502
2877,6.261131687895673
2878,5.549649144935177
2879,5.762900626650524
2880,6.266377746688937
2881,5.852006351207126
2882,5.486273315455642
2883,5.771193195998856
2884,5.92093249850164
2885,5.781925055596325
2886,5.83896886274
2887,6.725637399417187
2888,5.844297953484807
2889,6.315589263612083
2890,5.657907457954725
2891,6.158460256839866
2892,5.970546457726985
2893,6.769261261125058
2894,5.700881797828617
2895,6.712608337237166
2896,6.948631667799037
2897,5.755673093755648
2898,6.4515213423206035
2899,6.736575453490633
2900,6.820500450304789
2901,5.835818354491931
2902,5.6555962432153475
2903,5.72801406619242
2904,6.716122671363055
2905,5.786693808569624
2906,5.793216465261898
2907,6.517244753172786
2908,6.403862159246026
2909,6.41525134439434
2910,6.52364452280431
2911,5.493129406821431
2912,6.1291625145863255
2913,5.758603331552758
2914,6.94857863424048
2915,5.843168392422666
2916,6.417881332445518
2917,6.890000457262901
2918,5.735942537638369
2919,5.969574483065351
2920,6.126062030305109
2921,6.786318230688297
2922,6.2839030972984675
2923,6.8437441285612906
2924,5.775758408330994
2925,5.730486726204515
2926,6.75131970083737
2927,7.184231600876313
2928,5.851569412928892
2929,5.630916630422645
2930,5.884684354642558
2931,5.657430085224593
2932,5.78406305894267
2933,5.713487262014353
2934,5.811024519459502
2935,6.713698625672658
2936,5.857097304679356
2937,6.806234340185259
2938,5.851034145517656
2939,6.004117004231548
2940,5.694598315125841
2941,6.226245052290668
2942,6.305016603825156
2943,5.6176128445360405
2944,5.771291317727502
2945,5.5954971246919545
2946,5.754218058959744
2947,6.26300330204893
2948,5.679943569858422
2949,6.767483111443597
2950,5.550424572975754
2951,6.649862950811945
2952,5.747175895840395
2953,6.556802820651089
2954,5.639080743691397
2955,5.624276183105622
2956,6.5569226525710995
2957,6.376475433414532
2958,5.954846590482095
2959,5.556277521092527
2960,6.470346340712873
2961,5.804492585803859
2962,5.761184766736939
2963,7.026413516449759
2964,6.468237823824823
2965,5.751784765025687
2966,6.269749918112528
2967,6.475374050306892
2968,6.1229733914116835
2969,5.672981152981662
2970,5.8154342740303
2971,5.921917779871345
2972,5.808079671717453
2973,6.589188877261409
2974,6.582494093502237
2975,5.793524787281368
2976,5.724271049856895
2977,5.693881941056394
2978,5.619802757608378
2979,5.608909902520144
2980,6.833971925611499
2981,5.787765245597109
2982,6.7760624075868625
2983,5.631864850272416
2984,6.214797131997982
2985,5.663088653393946
2986,5.737329970718835
2987,6.2093880101651955
2988,5.644879980990988
2989,6.600804202296366
2990,6.2992889834038
2991,6.302863107498545
2992,5.508505632956242
2993,5.5118024012159275
2994,5.877203907493322
2995,6.362652739826967
2996,6.077330285805229
2997,5.931037854394617
2998,6.6351982338085795
2999,5.4459754675467265
3000,5.530130607976892
3001,6.947583053794758
3002,6.713082384637489
3003,6.414167169261496
3004,5.851981299316946
3005,5.594462713109758
3006,5.736756840242026
3007,5.725941875322408
3008,6.338565623122131
3009,5.693029003812121
3010,6.810720741637686
3011,6.411192719314701
3012,5.778377652125062
3013,5.634791565560078
3014,5.758487172332174
3015,5.519244120764203
3016,6.171935133751448
3017,5.761524021703949
3018,5.966488780784844
3019,5.76255374504244
3020,6.290031272911355
3021,5.860553285890385
3022,5.805066522716841
3023,5.83351476643865
3024,5.562337431658668
3025,5.912019517928163
3026,6.202182664084845
3027,5.637929976236812
3028,6.3166293525675234
3029,5.9433482674156
3030,6.263801839509767
3031,6.470451253718582
3032,6.388793438762998
3033,5.604046942656169
3034,5.549209650971131
3035,5.610545613731244
3036,5.754559455921726
3037,6.621396303298172
3038,6.385168694394569
3039,6.112319484958167
3040,6.688639887375323
3041,5.709586583565528
3042,5.7242786564039845
3043,6.5752477510265726
3044,6.29749122887874
3045,5.77447957554606
3046,6.125752074832092
3047,6.1121304556519656
3048,5.779055028048735
3049,5.733490152212006
3050,6.696065441842818
3051,5.541156510842351
3052,5.718378626086599
3053,5.703537065026638
3054,6.376216471132008
3055,5.758214941396139
3056,6.417953877613798
3057,5.930347453304578
3058,5.851600605016234
3059,5.793406566889153
3060,6.717973404799069
3061,5.648928468483084
3062,6.738210866499117
3063,5.96253099113682
3064,5.542144048556297
3065,6.5623111625909925
3066,5.721466203612245
3067,5.645810066947814
3068,5.76365960279123
3069,5.666712775727588
3070,6.459962356632205
3071,5.728151807683009
3072,6.746424541412298
3073,6.3814889076497465
3074,5.796332742924675
3075,6.202379220402865
3076,5.460222355633362
3077,6.337900231296573
3078,5.780903611970042
3079,5.7768590127008395
3080,5.704112593461064
3081,5.665000169086178
3082,6.177736813627697
3083,6.921005538050873
3084,6.5062389461759755
3085,5.728127084319778
3086,5.821604367308058
3087,5.779510233808784
3088,5.915912235842367
3089,5.841835600140161
3090,6.397480066172501
3091,5.5468484674511815
3092,5.644198670933016
3093,6.064633948630661
3094,5.982962432033542
3095,5.79037478473063
3096,5.6096282233732415
3097,6.67529841585413
3098,5.892015187681312
3099,5.895890435410866
3100,5.482602579676199
3101,5.882693077907151
3102,5.756124208194292
3103,5.952584108440891
3104,6.556726572172938
3105,5.659772636411638
3106,5.8257944124160135
3107,5.674217943708954
3108,6.171910025930089
3109,6.9782984914857
3110,5.557442669241926
3111,5.780847486511516
3112,5.811595591574468
3113,6.052562715183175
3114,6.329986649448909
3115,5.988141303375845
3116,6.531422004619964
3117,6.362574929418255
3118,5.821249594840074
3119,6.010747394632226
3120,5.735660739062369
3121,5.840112766263493
3122,5.902355013982954
3123,6.075471518694989
3124,5.669908546870714
3125,5.60136133722958
3126,6.740878088469471
3127,5.687502487833972
3128,5.826010647730503
3129,6.408857624341931
3130,6.831727425826926
3131,5.755156785952637
3132,6.4924366385012755
3133,6.091503173273435
3134,5.758417106704803
3135,6.359288598738519
3136,6.5557279764976695
3137,5.830241196032509
3138,5.719946266389967
3139,5.702447269763867
3140,5.822006621115699
3141,5.846329604477817
3142,5.798568948019215
3143,6.693331041571344
3144,6.394809141475478
3145,6.479116753611666
3146,5.832728446109273
3147,5.7255966113096255
3148,5.6637523806433
3149,5.6076380418290395
3150,6.792702781564077
3151,6.218307333690072
3152,6.956709817231903
3153,6.5371127933514455
3154,6.674727044392118
3155,6.042953090813625
3156,6.762799681794584
3157,5.579142353191998
3158,6.926456784915748
3159,6.039570169246694
3160,5.726468152899422
3161,5.645136239564173
3162,5.921806062432049
3163,5.747796670310107
3164,6.743378970542617
3165,5.916438384716097
3166,6.752400860253248
3167,5.817811776052529
3168,6.368990134990358
3169,5.859769711395026
3170,5.742112327150694
3171,6.055332648421844
3172,5.667592219680047
3173,5.8396123796543336
3174,6.753494895250686
3175,5.690107228545205
3176,5.69950465224294
3177,5.829676210699119
3178,5.512864228141937
3179,5.757136447155662
3180,6.3892408745000635
3181,5.6511853582235085
3182,6.381163441107069
3183,5.758456735604675
3184,5.670406061105002
3185,5.602164561649115
3186,6.4388574442251265
3187,5.943021476177437
3188,5.713577363562788
3189,5.588526813691736
3190,6.8528144434054195
3191,6.472901151874335
3192,6.30090038216475
3193,5.609954058618866
3194,5.839542543453506
3195,5.6238694209867335
3196,5.65032357857472
3197,6.397729835573416
3198,6.234504817782595
3199,6.2154449178645
3200,7.098304368558212
3201,6.1969513290218545
3202,6.505119439358527
3203,6.933723302841921
3204,6.305798324080234
3205,6.514103696148422
3206,5.754515279081212
3207,5.76865804381256
3208,6.062283876252337
3209,5.865439017671372
3210,6.057448523403029
3211,6.147647315853285
3212,5.705963446383728
3213,5.709522685517727
3214,5.820763966475845
3215,5.759311008859465
3216,5.728380878220931
3217,6.6715912741186125
3218,5.881568073384618
3219,6.18489350750569
3220,5.664558939447406
3221,5.801443199220171
3222,5.671354693425618
3223,5.796094898972384
3224,6.126923731505506
3225,5.802565711651398
3226,5.833169093852723
3227,5.649411068333944
3228,5.525480219039971
3229,6.412827412689885
3230,6.406148530889363
3231,5.6272792743434
3232,5.736638292174797
3233,6.335008603125053
3234,5.905877298611537
3235,5.711318347593871
3236,6.6518598673242355
3237,5.726554070033512
3238,5.722935167027729
3239,6.665442958580025
3240,6.399577230631975
3241,6.708307055133924
3242,6.781469504375061
3243,5.861203164324521
3244,6.794601239748868
3245,6.116377903341333
3246,5.790489054726837
3247,5.683447174038078
3248,6.021087605175726
3249,5.632721198912517
3250,5.72948928288899
3251,5.702667630521843
3252,5.844975560955612
3253,5.77096079496617
3254,5.842742220405406
3255,6.205310432018301
3256,6.495118095334686
3257,5.891333076151747
3258,5.7496812856635735
3259,6.921873562334838
3260,5.724465144977703
3261,6.317602204981582
3262,5.741671886934437
3263,6.442029352434423
3264,6.8737490074948155
3265,5.834168384387316
3266,5.576784985580636
3267,5.723049206133615
3268,6.432433195767446
3269,5.750839928388914
3270,5.638968216234307
3271,5.770073641402706
3272,6.935901524602516
3273,5.491039986786208
3274,6.468362753320204
3275,5.681005588445273
3276,6.627135776528522
3277,5.794987144636992
3278,6.72798381592992
3279,5.6608937274895625
3280,5.8599628352911335
3281,5.598616791472869
3282,5.656935964171582
3283,5.620755386365715
3284,6.554678785157757
3285,6.376039866118113
3286,6.231603558966929
3287,7.044297224525788
3288,6.394545356780769
3289,5.8116880205851045
3290,5.694555397267805
3291,6.047366686471081
3292,6.3690159495120895
3293,6.804168273897853
3294,5.999738348042721
3295,5.82403085871467
3296,5.85151414431074
3297,5.893421432074932
3298,5.7738612432898035
3299,6.790203380384496
3300,5.637884918026296
3301,5.8432792882584055
3302,5.551986468251854
3303,6.269370044285893
3304,5.741079053858056
3305,6.6545348229055845
3306,6.426679123378631
3307,5.701905153421669
3308,5.679987574806013
3309,7.112939236209595
3310,5.563406667613281
3311,5.825597548491845
3312,5.772862507043752
3313,5.579751242112766
3314,6.63299871090306
3315,5.66686002671416
3316,6.378001641312602
3317,6.717259469273779
3318,5.696917549053178
3319,5.918721283628096
3320,6.617680018247654
3321,5.825757512787707
3322,5.99201284290239
3323,6.481851629623078
3324,5.759644812992345
3325,5.907932241792197
3326,5.565683584552278
3327,6.690128145592793
3328,5.798052934806391
3329,5.9299886283365035
3330,5.8167663855909275
3331,5.884884498478078
3332,6.191556205049045
3333,6.811732841075736
3334,5.814187267354276
3335,6.768264231777757
3336,5.552885368530199
3337,5.695753947404147
3338,6.605290739847054
3339,7.217871286392925
3340,6.2957272696369
3341,6.436263467838658
3342,5.786112662716106
3343,5.622286746852525
3344,6.543171354343491
3345,5.655153424546849
3346,6.356084013851228
3347,5.726761703124671
3348,6.980133178669304
3349,6.863982386045708
3350,6.914923522167101
3351,5.678166930967409
3352,6.344274662190188
3353,5.759238700951735
3354,5.558535027315489
3355,5.720398870923767
3356,5.747832237727638
3357,6.884618355533568
3358,5.592904929579065
3359,5.788387009661376
3360,5.768354026356837
3361,5.88056748634599
3362,5.635133538967337
3363,6.746397979665129
3364,6.068149568743832
3365,5.604213318767536
3366,6.669683441539274
3367,6.692558345778613
3368,5.586864959396273
3369,5.792030914485294
3370,5.6658626785477795
3371,6.547758666038931
3372,5.765607815693949
3373,5.781792933027942
3374,5.755135415175713
3375,5.57090209096622
3376,5.627195945233027
3377,5.836462323055559
3378,6.657452448733321
3379,6.454669610118612
3380,6.460140263358345
3381,5.551965208415967
3382,5.930019527772532
3383,6.556622050245525
3384,5.660208899912167
3385,6.066455770903027
3386,5.67647930453755
3387,5.5928022100195225
3388,5.775894316634526
3389,6.288790968513604
3390,5.824213269722714
3391,5.839350046811765
3392,5.564878000162597
3393,5.69774549259963
3394,5.86583109539998
3395,5.814050370839154
3396,6.1511074535675245
3397,6.7391489271273235
3398,5.8450926324018475
3399,6.49938667762657
3400,5.803908940398643
3401,5.573529788429764
3402,5.889176061049842
3403,5.796624543800447
3404,6.948991305654626
3405,6.038250058908617
3406,5.587895840107328
3407,6.4848356359420185
3408,5.713294471541055
3409,6.446251946990855
3410,6.828466902775103
3411,6.318987407341629
3412,6.569966838327482
3413,5.85859448780762
3414,5.740294163380965
3415,6.504446764833605
3416,5.743685500752878
3417,6.658411540568062
3418,5.832718609090056
3419,5.739391790149366
3420,5.568678158870576
3421,5.560818358818337
3422,5.901252871340125
3423,5.703208776104872
3424,5.634814675783224
3425,5.997004611522571
3426,6.232482737636088
3427,6.271543038690293
3428,6.746864935193509
3429,5.68736984584356
3430,5.855566443844599
3431,5.698004601046795
3432,5.55890924209494
3433,5.73740846033333
3434,6.523817676649532
3435,5.635738554514729
3436,5.877955579246072
3437,6.5838944947964215
3438,5.623342881488671
3439,5.8593482022966965
3440,6.377420530244445
3441,6.01876310948264
3442,6.256174270231997
3443,5.671241192643546
3444,5.825354388499056
3445,5.775608297597319
3446,5.786014510812265
3447,5.632417368168279
3448,5.810776357497847
3449,5.843640041039516
3450,6.478961190144453
3451,5.872610830359494
3452,6.544516781517066
3453,5.862258974565477
3454,5.818930606599691
3455,6.303747233290758
3456,5.842515699306769
3457,5.53378499587776
3458,6.209376653495177
3459,6.829662155650129
3460,6.179718847842906
3461,6.715756611319737
3462,7.133857019481203
3463,5.703763737659155
3464,5.787133806674067
3465,5.913711585213923
3466,6.351636965372942
3467,5.740492898664075
3468,5.703026528809248
3469,5.647596080795715
3470,6.401997249799154
3471,5.590132093434047
3472,6.760396850116811
3473,6.264295130397838
3474,5.650834654360967
3475,6.1015745701603645
3476,5.502504033627457
3477,5.977639720544901
3478,6.347603019199033
3479,5.903606452288313
3480,6.569735703334521
3481,5.8263015568233705
3482,5.98681889784954
3483,5.622425050507544
3484,6.741561257059381
3485,5.841595594710743
3486,5.759068791818029
3487,6.261830255623355
3488,6.419871526192461
3489,6.287655832508898
3490,6.542650084574472
3491,6.85531928862356
3492,5.616731319683303
3493,6.569806235089441
3494,5.735069443008648
3495,5.62033574740384
3496,5.610980990055363
3497,6.82841642183522
3498,5.980217678215886
3499,6.698943837995035
3500,5.7565759509178385
3501,5.8641582284834195
3502,6.5440358215522805
3503,6.5824243904330055
3504,5.9334507910572505
3505,5.736156507794159
3506,5.981296849407721
3507,5.686854030658074
3508,5.594135909795848
3509,6.7398065668279505
3510,6.394185117183728
3511,6.414332346620699
3512,5.87826630050966
3513,6.085329403322248
3514,5.79771648075173
3515,5.810768440842071
3516,5.8850262788741325
3517,6.710311651444357
3518,6.349286207153312
3519,5.8601842623539575
3520,5.658282776728571
3521,5.983139362504568
3522,5.7142330439105
3523,6.1501345920072765
3524,6.720100280075228
3525,5.991021925331354
3526,5.655672926644534
3527,5.734348719001134
3528,5.939983033446935
3529,5.631406016439378
3530,5.518109445949495
3531,5.8060909610974605
3532,5.972771749960409
3533,5.821569534704093
3534,5.777289760443691
3535,5.818324420090428
3536,5.914797166916416
3537,6.211378704039282
3538,5.772687336337584
3539,6.073507550388057
3540,6.268897468991064
3541,6.691032581327833
3542,5.964990262295877
3543,5.649187282178832
3544,5.872376586780433
3545,6.946646213912978
3546,6.012699566664374
3547,6.804059819111047
3548,6.024990757782112
3549,6.852185489131963
3550,5.6463232128864025
3551,5.580168043581359
3552,6.450198621955272
3553,5.713776355081766
3554,5.851119058774014
3555,6.428890048853844
3556,5.922560641406139
3557,6.532186573581742
3558,5.4475880440983895
3559,5.744561130369207
3560,5.865370208484343
3561,6.556980894528631
3562,5.820848737551142
3563,5.530302053025667
3564,5.72457948196865
3565,5.798221076464658
3566,6.56906141066352
3567,5.956173963289915
3568,6.313378983782968
3569,5.693717317377882
3570,6.806878747808871
3571,6.347278863147433
3572,5.808642244791302
3573,5.569758356526994
3574,5.641044174040541
3575,5.614748211314481
3576,6.442206846101411
3577,5.755565559587406
3578,5.777561228075035
3579,6.034638546777254
3580,5.952569303305889
3581,6.517808725608103
3582,5.87235819097927
3583,5.9040277807331805
3584,5.601259892617777
3585,6.592970916905678
3586,5.544331325740768
3587,5.807440912811842
3588,5.561040781983578
3589,5.85974918526726
3590,5.817340334195837
3591,6.9237059631362685
3592,6.501674217062828
3593,6.13261504509535
3594,6.449247596880009
3595,6.41199625177881
3596,5.770934347696474
3597,6.560129181460948
3598,5.47180873614952
3599,5.9329611598926695
3600,5.914397121900059
3601,5.690352864509902
3602,5.841566751770431
3603,5.538607730751368
3604,5.793068338258786
3605,5.721488641593542
3606,5.6216309071142225
3607,5.573516241042031
3608,6.356827354822494
3609,5.884314790396904
3610,5.630039811903549
3611,6.356269424804671
3612,5.6183858051950475
3613,6.071732264837689
3614,5.972786126706427
3615,6.420084084950702
3616,5.847311126281808
3617,5.755691412705598
3618,6.012917531873879
3619,5.683364863798676
3620,5.690674985452347
3621,5.788494680634275
3622,6.424135783809853
3623,5.602181452771834
3624,5.661049019059436
3625,6.581629936935595
3626,6.443949815075643
3627,5.680224352026199
3628,6.311607618818085
3629,5.694868353117721
3630,6.5138755358649965
3631,5.655542366399782
3632,5.825898185334985
3633,5.810068324788842
3634,5.551652195761161
3635,5.867811173080269
3636,5.625109149977479
3637,5.731087212278055
3638,5.616355824575196
3639,5.659553661791201
3640,6.463692581663184
3641,5.764915273186165
3642,6.524173076958491
3643,6.204947146563693
3644,5.648005470212415
3645,6.856031190179661
3646,6.269367267321774
3647,5.81244980924967
3648,6.727981943455871
3649,5.802917327221957
3650,5.546178616692492
3651,6.327726815726753
3652,5.9362602283202275
3653,5.925861992731065
3654,6.291061194016774
3655,6.053815032884627
3656,7.414298989689789
3657,5.572821525936678
3658,5.73744728148832
3659,6.104187920556866
3660,5.530570871493317
3661,6.930522088145234
3662,5.692107493666347
3663,5.821421126338339
3664,5.662269114843756
3665,5.7700269581244905
3666,6.175591513448829
3667,5.6998396172560275
3668,6.390740762848543
3669,5.664945193220771
3670,5.437419750730329
3671,5.546218811303688
3672,5.7081415786655505
3673,6.289860993423448
3674,5.761849695638309
3675,6.935546505320299
3676,5.805287361856069
3677,5.7502237374065714
3678,5.295682933786651
3679,6.762531108385065
3680,5.627889344805977
3681,5.731132515542432
3682,5.987882251756513
3683,5.791773352727768
3684,6.955516842259258
3685,6.17106926209001
3686,5.729703417606162
3687,5.828821799778544
3688,6.53012469396033
3689,5.793207012158678
3690,5.753098080366473
3691,6.680933106666374
3692,5.607126147747489
3693,5.694152224295366
3694,5.877573309518319
3695,5.888565176964318
3696,5.884466373866673
3697,5.746545116029332
3698,6.2983969815164516
3699,5.798202178792761
3700,6.948497647901798
3701,6.482634680959835
3702,5.612359052329516
3703,6.564676165572316
3704,5.699232813069931
3705,6.467580945923904
3706,5.741505974889166
3707,6.563406965734714
3708,5.7532091713941975
3709,6.488702268670158
3710,6.68758606886468
3711,6.553115363963031
3712,6.8663478620504215
3713,5.687617280981595
3714,6.581219536723938
3715,5.781817046789258
3716,6.786697054932164
3717,5.71068586407576
3718,6.237189165608562
3719,5.752324674710609
3720,6.702593811886259
3721,6.61461611824134
3722,6.200638695794147
3723,5.84921294850125
3724,5.78958893300096
3725,5.774126330872857
3726,6.028824061661952
3727,6.7362244519231425
3728,5.852034889827093
3729,6.784518755079724
3730,6.048583039704051
3731,5.479409594260989
3732,5.47897247578318
3733,6.788388406087478
3734,6.363998306694227
3735,6.734840095404154
3736,6.319303581445023
3737,5.606654174244117
3738,6.931666291493935
3739,6.2466811809355045
3740,6.674266561090423
3741,5.755209099570984
3742,6.342599262411178
3743,5.73784332505102
3744,5.686903711674157
3745,6.031102497928099
3746,5.815063118042165
3747,5.727205051304988
3748,5.7893398298719845
3749,5.496453986148011
3750,5.741957840734505
3751,6.974054052970315
3752,5.73125236024083
3753,5.588509394871161
3754,5.856616709797629
3755,5.71326553705623
3756,5.7442664841610895
3757,5.636487749223506
3758,6.690973008884509
3759,5.700145146182527
3760,6.167466363003772
3761,6.553555202719086
3762,6.567633336419138
3763,5.848833814315628
3764,6.205750535458158
3765,5.606420223517315
3766,5.515423302863418
3767,5.814230202238765
3768,6.283932272068403
3769,5.622093945618912
3770,5.698191339716608
3771,5.77904168587861
3772,5.632729688219467
3773,5.625311731580844
3774,5.731099894806368
3775,5.604045885228764
3776,6.47040022692291
3777,6.516532356812904
3778,6.308588037320053
3779,5.510072028825487
3780,6.513611264351896
3781,6.486058617479253
3782,5.720533001356345
3783,5.589658729397565
3784,5.622603264687436
3785,6.248982674466837
3786,5.872948032430075
3787,6.792361554981078
3788,6.542738668848565
3789,6.213039634170774
3790,5.648824699725484
3791,5.7745137152042005
3792,5.574933467307607
3793,6.621252385667894
3794,5.713005887619715
3795,5.838252018290151
3796,5.8176733370243
